id,name,model_id:id,group_id:id,perm_read,perm_write,perm_create,perm_unlink
access_helpdesk_scope_user,Helpdesk Scope User,model_helpdesk_scope,helpdesk.group_helpdesk_user,1,0,0,0
access_helpdesk_scope_manager,Helpdesk Scope Manager,model_helpdesk_scope,helpdesk.group_helpdesk_manager,1,1,1,1
access_helpdesk_closecode_user,Helpdesk Close Code User,model_helpdesk_closecode,helpdesk.group_helpdesk_user,1,0,0,0
access_helpdesk_closecode_manager,Helpdesk Close Code Manager,model_helpdesk_closecode,helpdesk.group_helpdesk_manager,1,1,1,1
